[{"name":"Nantucket Orange Juice","imageUUIDs":""},{"name":"Wine - Dubouef Macon - Villages","imageUUIDs":""},{"imageUUIDs":"","comment":"rhoncus dui vel sem sed sagittis","name":"Bag Clear 10 Lb","keywords":"in, sapien, iaculis, congue, vivamus, metus, arcu, adipiscing, molestie, hendrerit","barcode":"8860704469115"},{"imageUUIDs":"","comment":"nulla justo aliquam quis turpis eget elit sodales scelerisque","name":"Arctic Char - Fresh, Whole","keywords":"vel, nulla, eget, eros, elementum, pellentesque","barcode":"5893059272325"},{"imageUUIDs":"","comment":"eu nibh quisque id justo","name":"Magnotta - Bel Paese White","keywords":"mus, vivamus, vestibulum, sagittis, sapien, cum, sociis, natoque, penatibus, et","barcode":"3483011091263"},{"name":"Wine - Stoneliegh Sauvignon","imageUUIDs":""},{"imageUUIDs":"","comment":"pulvinar lobortis est phasellus sit","name":"Sea Bass - Fillets","keywords":"quis, turpis, eget, elit, sodales, scelerisque, mauris","barcode":"7938401006977"},{"imageUUIDs":"","comment":"sodales scelerisque mauris sit amet eros suspendisse accumsan","name":"Lemonade - Kiwi, 591 Ml","keywords":"blandit, lacinia, erat, vestibulum, sed, magna, at, nunc, commodo","barcode":"2816575816306"},{"imageUUIDs":"A5024565-6589-46BC-8B83-5188061784EE","comment":"sem duis aliquam convallis nunc proin","name":"Puree - Strawberry","keywords":"in, porttitor, pede, justo","barcode":"8151130449321"},{"imageUUIDs":"","comment":"lorem ipsum dolor sit","name":"Icecream Cone - Areo Chocolate","keywords":"aliquam, augue, quam","barcode":"4179858261622"},{"imageUUIDs":"9B9415DE-4F9F-4CD8-B887-A6BF4E4E4397,17F211A4-517B-4BD3-958F-F5B479252FA1","comment":"Cixin Liu","name":"Koniec śmierci","keywords":"Książka","barcode":"9788380622852"}]