{"name":"Newsroom","boxes":[{"code":19,"comment":"Integer pede justo, lacinia eget, tincidunt eget, tempus vel, pede. Morbi porttitor lorem id ligula.","name":"Industrial","imageUUID":"06048003-11E8-497F-9817-126F4FF49407","items":[{"imageUUIDs":"","comment":"ornare imperdiet sapien urna pretium nisl ut","name":"Juice - Grapefruit, 341 Ml","keywords":"augue, quam, sollicitudin, vitae, consectetuer, eget, rutrum, at, lorem","barcode":"2062308897351"},{"imageUUIDs":"","comment":"odio odio elementum eu interdum eu tincidunt in leo maecenas","name":"Soupfoamcont12oz 112con","keywords":"luctus, nec, molestie, sed, justo, pellentesque","barcode":"1882901590946"},{"imageUUIDs":"846D8ECA-A431-48DC-B3EA-1CEFD411A5FB","comment":"quis tortor id nulla ultrices aliquet maecenas","name":"Pepsi, 355 Ml","keywords":"sollicitudin, mi, sit, amet, lobortis, sapien, sapien, non, mi, integer","barcode":"5905349067406"},{"name":"Chips Potato Reg 43g","imageUUIDs":""},{"name":"Veal - Heart","imageUUIDs":""},{"imageUUIDs":"","comment":"risus semper porta volutpat","name":"Wine - Mondavi Coastal Private","keywords":"scelerisque, mauris, sit","barcode":"0695190566971"},{"imageUUIDs":"","comment":"purus aliquet at feugiat","name":"Carbonated Water - Lemon Lime","keywords":"lectus, suspendisse, potenti, in","barcode":"1951360205204"},{"imageUUIDs":"","comment":"aliquet pulvinar","name":"Wine - Montecillo Rioja Crianza","keywords":"egestas, metus, aenean, fermentum, donec","barcode":"5906883019142"},{"imageUUIDs":"E9A2A4F2-6B48-49F0-A5A9-164B02B7F2E7","comment":"praesent blandit nam nulla integer pede justo lacinia eget tincidunt","name":"Cranberries - Dry","keywords":"nunc, proin, at, turpis, a, pede, posuere","barcode":"5797148633701"},{"name":"Wine - Maipo Valle Cabernet","imageUUIDs":""}]},{"code":20,"comment":"","name":"Shoes","imageUUID":"EA9C8F01-5BD9-42EE-994C-0ACC1E19AC4A","items":[{"imageUUIDs":"F6A94769-097F-4664-9AAD-DCC5598A1CBE","comment":"sed tincidunt eu felis fusce posuere felis sed lacus morbi","name":"Maple Syrup","keywords":"sapien, non, mi, integer, ac, neque, duis, bibendum, morbi, non","barcode":"3395052371849"},{"imageUUIDs":"","comment":"convallis morbi odio odio elementum eu interdum eu","name":"Pastry - French Mini Assorted","keywords":"aliquam, sit, amet, diam, in, magna, bibendum, imperdiet, nullam, orci","barcode":"1527698104055"},{"imageUUIDs":"","comment":"dui luctus rutrum nulla tellus","name":"Squash - Butternut","keywords":"morbi, a, ipsum, integer, a, nibh, in, quis, justo","barcode":"2128853969097"},{"name":"Cheese - Perron Cheddar","imageUUIDs":""},{"imageUUIDs":"","comment":"eget rutrum at lorem integer tincidunt ante","name":"Arizona - Green Tea","keywords":"libero, nam","barcode":"2206113160644"},{"imageUUIDs":"","comment":"enim leo rhoncus sed vestibulum sit amet cursus id turpis","name":"Wine - Coteaux Du Tricastin Ac","keywords":"dapibus, augue, vel, accumsan, tellus, nisi, eu, orci, mauris","barcode":"2740093907511"},{"imageUUIDs":"30156862-0FE0-476C-8DBB-44E0C1B2FB90","comment":"ante vestibulum ante ipsum primis in faucibus","name":"Thermometer Digital","keywords":"dui, vel, sem, sed, sagittis","barcode":"9058564710629"}]}]}