{"name":"Salon","boxes":[{"name":"Tools","items":[{"imageUUIDs":"","comment":"tempor convallis nulla neque libero","name":"Beer - Blue Light","keywords":"donec, pharetra, magna, vestibulum, aliquet, ultrices, erat, tortor, sollicitudin","barcode":"7403199149004"},{"comment":"","name":"Garlic Powder","keywords":"","imageUUIDs":"03A58249-519D-4038-B2F1-637A90547C7A"},{"imageUUIDs":"","comment":"vestibulum sit amet cursus id turpis integer aliquet","name":"Soup - Campbells","keywords":"non, mi, integer, ac, neque, duis","barcode":"3975355919116"},{"name":"Bread - Petit Baguette","imageUUIDs":""},{"imageUUIDs":"","comment":"luctus et ultrices","name":"Broom - Corn","keywords":"turpis, enim, blandit, mi, in, porttitor, pede, justo, eu, massa","barcode":"2354526109323"},{"imageUUIDs":"","comment":"id nulla","name":"Beans - Soya Bean","keywords":"ut, blandit, non, interdum, in, ante","barcode":"2913687945568"}],"code":13},{"code":12,"comment":"Quisque erat eros, viverra eget, congue eget, semper rutrum, nulla.","name":"Shoes","items":[{"imageUUIDs":"733F2AB9-FF80-45CE-B662-43465B974178","comment":"dui proin leo odio porttitor id consequat in consequat","name":"Nestea - Iced Tea","keywords":"sagittis, nam, congue, risus, semper, porta, volutpat, quam, pede","barcode":"6843702155329"},{"name":"Split Peas - Yellow, Dry","imageUUIDs":""},{"imageUUIDs":"","comment":"luctus cum","name":"Bread - Roll, Whole Wheat","keywords":"nec, molestie, sed, justo, pellentesque, viverra, pede, ac","barcode":"6443421695371"},{"imageUUIDs":"","comment":"mauris eget massa tempor convallis nulla","name":"Smoked Paprika","keywords":"gravida, sem, praesent, id","barcode":"4635500738234"}]},{"code":14,"comment":"Maecenas tincidunt lacus at velit.","name":"Home","items":[{"imageUUIDs":"","comment":"augue vel accumsan tellus nisi","name":"Oranges","keywords":"ipsum, dolor, sit, amet, consectetuer, adipiscing","barcode":"9295416687801"}]}]}