{"name":"Anteroom","boxes":[{"name":"Music","items":[{"imageUUIDs":"","comment":"semper porta volutpat quam pede lobortis ligula sit amet","name":"Soup Campbells Mexicali Tortilla","keywords":"integer, non, velit, donec, diam, neque, vestibulum, eget, vulputate, ut","barcode":"8292790797609"},{"imageUUIDs":"","comment":"orci luctus et ultrices posuere cubilia curae nulla dapibus","name":"Pasta - Orzo, Dry","keywords":"sed, vestibulum, sit, amet, cursus, id, turpis, integer","barcode":"2791251707486"},{"imageUUIDs":"","comment":"sit amet justo","name":"Plate Pie Foil","keywords":"vestibulum, quam","barcode":"1825458714786"},{"name":"Dome Lid Clear P92008h","imageUUIDs":""},{"imageUUIDs":"","comment":"in faucibus orci luctus et","name":"Sugar - Fine","keywords":"ligula, pellentesque","barcode":"5149072142933"},{"imageUUIDs":"","comment":"curabitur at ipsum ac tellus semper interdum mauris ullamcorper","name":"Peach - Fresh","keywords":"odio, condimentum, id, luctus, nec, molestie, sed, justo, pellentesque","barcode":"4529926001022"}],"code":15},{"name":"Tools","items":[{"imageUUIDs":"","comment":"lectus aliquam sit","name":"Carbonated Water - Strawberry","keywords":"quis, orci","barcode":"8729928258912"},{"imageUUIDs":"","comment":"aliquet at feugiat non pretium quis lectus suspendisse","name":"Coffee - Decaffeinato Coffee","keywords":"ut, ultrices, vel, augue","barcode":"9163239329892"},{"imageUUIDs":"","comment":"in imperdiet et commodo vulputate justo in","name":"Lighter - Bbq","keywords":"nullam, molestie, nibh, in, lectus, pellentesque","barcode":"0850685699214"},{"comment":"","name":"Coffee - Almond Amaretto","keywords":"","imageUUIDs":"8A20C537-B44E-4C0F-8B9D-32D0E94BADE0"},{"imageUUIDs":"","comment":"pellentesque quisque porta volutpat erat quisque erat eros","name":"Rhubarb","keywords":"est, et, tempus, semper","barcode":"0701420256744"},{"imageUUIDs":"","comment":"mi in porttitor pede justo eu massa donec","name":"Cake - Night And Day Choclate","keywords":"sed, lacus, morbi, sem, mauris, laoreet, ut, rhoncus","barcode":"4039906417472"},{"name":"Graham Cracker Mix","imageUUIDs":""},{"imageUUIDs":"","comment":"semper interdum mauris ullamcorper purus sit amet nulla quisque arcu","name":"Onions - Pearl","keywords":"fusce, posuere, felis, sed, lacus, morbi, sem","barcode":"6993451114131"},{"name":"Chestnuts - Whole,canned","imageUUIDs":""}],"code":16},{"name":"Jewelry","items":[{"imageUUIDs":"","comment":"primis in faucibus orci luctus et","name":"Plate Foam Laminated 9in Blk","keywords":"odio, odio","barcode":"7631892494113"},{"imageUUIDs":"","comment":"id sapien in sapien iaculis congue","name":"Asparagus - Mexican","keywords":"hac, habitasse, platea, dictumst, etiam, faucibus, cursus, urna, ut, tellus","barcode":"2097000989077"},{"name":"Remy Red","imageUUIDs":""},{"imageUUIDs":"","comment":"in est risus auctor sed tristique in tempus sit","name":"Fuji Apples","keywords":"nunc, purus, phasellus, in, felis","barcode":"9295764844515"},{"imageUUIDs":"","comment":"integer aliquet","name":"Muffin Mix - Oatmeal","keywords":"egestas, metus, aenean, fermentum, donec, ut","barcode":"7907856271982"},{"imageUUIDs":"","comment":"faucibus orci luctus et ultrices","name":"Aspic - Light","keywords":"suspendisse, potenti","barcode":"7672984039378"},{"imageUUIDs":"","comment":"in hac habitasse platea","name":"Doilies - 8, Paper","keywords":"nulla, suspendisse, potenti, cras, in","barcode":"3874953492154"},{"imageUUIDs":"","comment":"et eros vestibulum ac est","name":"Melon - Cantaloupe","keywords":"quisque, ut, erat, curabitur","barcode":"0108057197391"},{"imageUUIDs":"","comment":"cubilia curae nulla dapibus dolor vel est donec odio justo","name":"Container - Foam Dixie 12 Oz","keywords":"lacinia, eget, tincidunt, eget, tempus, vel","barcode":"0073816843893"}],"code":17},{"code":18,"comment":"","name":"Books","imageUUID":"0DFB47CD-D034-4066-93E9-973769588F67","items":[{"name":"Cheese - Bocconcini","imageUUIDs":""},{"imageUUIDs":"62A936C9-BD50-4B64-A097-6B734B0FC302","comment":"mattis nibh ligula nec","name":"Rice - Sushi","keywords":"in, felis, donec","barcode":"4500961654331"},{"imageUUIDs":"","comment":"nunc vestibulum ante","name":"Rice Wine - Aji Mirin","keywords":"ac, neque, duis, bibendum, morbi, non","barcode":"9823653192414"},{"imageUUIDs":"","comment":"erat tortor","name":"Arizona - Plum Green Tea","keywords":"mauris, non, ligula, pellentesque, ultrices, phasellus, id, sapien","barcode":"9989194261285"}]}]}