{"name":"Lounge","boxes":[{"code":7,"comment":"Nullam sit amet turpis elementum ligula vehicula consequat.","name":"Clothing","items":[{"imageUUIDs":"","comment":"amet eleifend pede libero quis orci","name":"Beef - Ground Medium","keywords":"morbi, odio, odio, elementum, eu, interdum","barcode":"6039926409985"},{"imageUUIDs":"","comment":"elementum eu interdum eu tincidunt in leo maecenas","name":"Chicken Giblets","keywords":"potenti, nullam, porttitor, lacus","barcode":"4804404495776"},{"name":"Soup Knorr Chili With Beans","imageUUIDs":""},{"imageUUIDs":"","comment":"risus auctor","name":"Dr. Pepper - 355ml","keywords":"pede, justo, lacinia, eget, tincidunt, eget, tempus, vel","barcode":"3358906970047"},{"imageUUIDs":"","comment":"dui vel sem sed sagittis","name":"Tea - Herbal - 6 Asst","keywords":"penatibus, et, magnis, dis, parturient, montes, nascetur","barcode":"8374879413949"}]},{"code":6,"comment":"Nulla facilisi.","name":"Books","imageUUID":"0DD3E6F4-42EE-47D8-884A-C1248E7C0F76","items":[{"imageUUIDs":"","comment":"accumsan tortor quis turpis sed ante vivamus tortor","name":"Juice - Prune","keywords":"est, phasellus, sit, amet, erat, nulla, tempus","barcode":"6367108151369"}]},{"code":8,"comment":"","name":"Shoes","imageUUID":"F43193F2-19CD-4771-A46F-2F3F309C5EBD","items":[{"name":"Soup - Tomato Mush. Florentine","imageUUIDs":""},{"name":"Juice - Apple, 341 Ml","imageUUIDs":""}]},{"code":9,"comment":"Nulla nisl.","name":"Outdoors","items":[{"imageUUIDs":"","comment":"sit amet erat nulla tempus vivamus in felis eu","name":"Longos - Chicken Curried","keywords":"hac, habitasse, platea, dictumst, aliquam, augue, quam, sollicitudin, vitae","barcode":"1520882922589"},{"imageUUIDs":"","comment":"aliquam quis turpis eget elit","name":"Nut - Almond, Blanched, Sliced","keywords":"orci, pede, venenatis, non, sodales","barcode":"9921112396657"},{"imageUUIDs":"","comment":"in magna bibendum imperdiet","name":"Mustard - Individual Pkg","keywords":"rutrum, rutrum, neque, aenean, auctor, gravida, sem, praesent, id, massa","barcode":"7500845582669"},{"imageUUIDs":"","comment":"rutrum at lorem integer","name":"Carbonated Water - Blackcherry","keywords":"consequat, varius, integer","barcode":"1806492438978"}]}]}