{"name":"Conservatory","boxes":[{"code":3,"comment":"Morbi non quam nec dui luctus rutrum.","name":"Automotive","imageUUID":"A7DC1E24-2855-4998-AA79-1143F9C8D949","items":[{"name":"Chocolate - Liqueur Cups With Foil","imageUUIDs":""},{"imageUUIDs":"","comment":"nibh in lectus pellentesque at nulla","name":"Sprite - 355 Ml","keywords":"sit, amet, lobortis, sapien, sapien, non, mi, integer","barcode":"1066131963395"},{"imageUUIDs":"","comment":"velit eu est congue elementum in hac","name":"Star Anise, Whole","keywords":"lorem, vitae, mattis, nibh, ligula, nec, sem, duis, aliquam, convallis","barcode":"8220198498129"},{"imageUUIDs":"","comment":"blandit lacinia erat","name":"Pork - Loin, Boneless","keywords":"vel, pede, morbi, porttitor","barcode":"7345155104769"},{"imageUUIDs":"A1D44666-0912-4770-AC7B-ECAAEC11E73A","comment":"quam turpis adipiscing lorem vitae mattis nibh ligula nec sem","name":"Juice - Orange 1.89l","keywords":"ante, ipsum, primis, in, faucibus, orci, luctus, et","barcode":"8399248637800"},{"imageUUIDs":"","comment":"vel nisl duis ac nibh fusce lacus","name":"Beans - Black Bean, Preserved","keywords":"non, lectus, aliquam, sit, amet, diam, in","barcode":"5712202739475"},{"imageUUIDs":"","comment":"id ornare imperdiet sapien urna pretium","name":"Soup - Campbells, Butternut","keywords":"vestibulum, ante, ipsum, primis, in, faucibus, orci, luctus, et","barcode":"6540297524627"},{"imageUUIDs":"","comment":"molestie lorem quisque ut erat curabitur gravida nisi","name":"Longos - Burritos","keywords":"vestibulum, sagittis, sapien, cum, sociis, natoque, penatibus, et, magnis","barcode":"6917908570372"},{"imageUUIDs":"","comment":"etiam pretium iaculis justo in hac habitasse platea","name":"Table Cloth 53x53 White","keywords":"pharetra, magna, ac, consequat, metus, sapien, ut, nunc","barcode":"4199896500282"}]},{"name":"Industrial","items":[{"imageUUIDs":"","comment":"donec odio justo","name":"Salmon - Fillets","keywords":"a, odio, in, hac, habitasse","barcode":"4904366012704"},{"imageUUIDs":"","comment":"faucibus accumsan odio curabitur convallis duis consequat dui","name":"Salt - Kosher","keywords":"venenatis, non, sodales, sed, tincidunt, eu, felis, fusce","barcode":"2447961284689"},{"imageUUIDs":"","comment":"tempor convallis nulla neque libero convallis eget eleifend luctus","name":"Cake - French Pear Tart","keywords":"libero, nullam","barcode":"0974796959512"},{"imageUUIDs":"","comment":"sem mauris laoreet ut rhoncus","name":"Puree - Passion Fruit","keywords":"quisque, id, justo","barcode":"4242135509392"},{"imageUUIDs":"","comment":"et magnis dis parturient montes nascetur ridiculus mus","name":"Tomatoes","keywords":"convallis, nulla, neque, libero, convallis, eget, eleifend, luctus","barcode":"6780325523137"}],"code":4},{"code":5,"comment":"In quis justo. Maecenas rhoncus aliquam lacus.","name":"Music","imageUUID":"06C87875-8F4C-42E5-B525-933DF9FA0026","items":[{"name":"Beef - Top Sirloin - Aaa","imageUUIDs":""},{"imageUUIDs":"","comment":"vulputate nonummy maecenas tincidunt lacus at velit vivamus","name":"Bread - Ciabatta Buns","keywords":"malesuada, in, imperdiet, et, commodo, vulputate, justo, in","barcode":"2705466724547"}]}]}