{"name":"Breakfast room","boxes":[{"name":"Baby","items":[{"name":"Lettuce - Radicchio","imageUUIDs":""}],"code":22},{"code":21,"comment":"In hac habitasse platea dictumst.","name":"Beauty","items":[{"comment":"","name":"Hand Towel","keywords":"","imageUUIDs":"9A0FFF95-BAC3-4699-A06F-59273EAFD2C7"},{"imageUUIDs":"","comment":"morbi odio odio elementum eu interdum eu tincidunt in","name":"Mushroom - Crimini","keywords":"consequat, varius, integer, ac, leo, pellentesque, ultrices, mattis","barcode":"8281731258543"},{"name":"Wine - Masi Valpolocell","imageUUIDs":""},{"imageUUIDs":"","comment":"id ligula suspendisse ornare consequat lectus in est","name":"Cake - Sheet Strawberry","keywords":"est, lacinia, nisi, venenatis, tristique, fusce, congue","barcode":"6963070499417"},{"name":"Oil - Macadamia","imageUUIDs":""},{"imageUUIDs":"","comment":"eget tincidunt eget tempus vel","name":"Bagels Poppyseed","keywords":"at, turpis","barcode":"6794161131607"},{"imageUUIDs":"","comment":"at ipsum ac tellus semper interdum mauris ullamcorper purus","name":"Napkin - Beverge, White 2 - Ply","keywords":"pede, morbi, porttitor, lorem","barcode":"4801253358812"},{"imageUUIDs":"","comment":"curae nulla dapibus dolor vel est donec","name":"Coconut - Creamed, Pure","keywords":"curabitur, gravida, nisi, at, nibh, in, hac","barcode":"4665782251774"}]}]}