{"name":"Cellar","boxes":[{"code":2,"comment":"Fusce posuere felis sed lacus.","name":"Books","items":[{"name":"Lettuce - Romaine, Heart","imageUUIDs":""},{"name":"Shrimp - 150 - 250","imageUUIDs":""},{"imageUUIDs":"","comment":"at turpis donec posuere metus vitae ipsum aliquam","name":"Pork - Back, Short Cut, Boneless","keywords":"eget, eleifend","barcode":"9607882297992"},{"name":"Beer - Camerons Auburn","imageUUIDs":""},{"imageUUIDs":"","comment":"consequat varius integer ac leo pellentesque ultrices mattis odio donec","name":"Browning Caramel Glace","keywords":"sit, amet, diam, in","barcode":"6015570723915"},{"name":"Wine - Red, Black Opal Shiraz","imageUUIDs":""},{"imageUUIDs":"","comment":"quam a odio in hac habitasse platea dictumst maecenas","name":"Gherkin","keywords":"eu, felis, fusce, posuere, felis, sed","barcode":"1283184371448"},{"imageUUIDs":"","comment":"semper est quam","name":"Icecream - Dstk Super Cone","keywords":"sollicitudin, mi, sit, amet, lobortis, sapien, sapien, non, mi, integer","barcode":"3174594807340"}]},{"code":1,"comment":"Pellentesque eget nunc. Donec quis orci eget orci vehicula condimentum.","name":"Kids","items":[{"imageUUIDs":"","comment":"magna vestibulum aliquet ultrices erat tortor sollicitudin","name":"Pie Box - Cello Window 2.5","keywords":"dapibus, nulla","barcode":"1201936876954"},{"imageUUIDs":"","comment":"odio cras mi pede malesuada","name":"Dill Weed - Fresh","keywords":"sit, amet, erat, nulla, tempus, vivamus, in, felis","barcode":"5661540827890"},{"imageUUIDs":"","comment":"vitae ipsum aliquam non","name":"Horseradish Root","keywords":"quam, pharetra, magna, ac, consequat","barcode":"9778748002287"},{"imageUUIDs":"","comment":"elementum in hac habitasse platea dictumst morbi","name":"Zucchini - Green","keywords":"quam, sollicitudin, vitae, consectetuer, eget","barcode":"7736075813456"},{"imageUUIDs":"","comment":"magna ac consequat metus sapien ut nunc vestibulum ante","name":"Potatoes - Idaho 80 Count","keywords":"pellentesque, ultrices, mattis, odio, donec, vitae, nisi, nam","barcode":"7963121138086"}]}]}